8.292721,7.027671,-8.324832,-7.041147,-0.515986,6.398091,-3.325271,-3.406503,8.614024,9.659270,-0.086632,7.785547,-2.423632,-8.136164,1.763595,3.640050,6.870940,10.044901,6.529034,4.992828,2.125119,3.119123,5.384188,10.184756,-3.032409,-7.331996,-5.720794,-6.931175,-2.289494,5.530830,-7.487230,0.084390,5.862831,-5.336758,-8.514271,-4.024335,-8.166834,6.027544,-5.519692,-5.427551,5.626309,5.554757,-0.394772,8.047529,-9.187638,9.765459,0.729221,-4.384085,6.110124,2.650233
-10.467028,7.116248,3.513907,6.757621,7.593764,3.074140,1.543780,9.684072,4.103127,7.006186,0.718795,10.258992,0.566300,-6.876599,-7.252622,7.176059,-7.516716,1.160774,0.077462,7.173369,-3.350779,-5.784117,-5.227156,-8.870417,0.555798,-9.831693,-1.902432,-5.787224,-8.074910,4.453014,5.291301,5.264229,-2.040742,-0.711334,3.491802,5.042484,1.222112,-4.461651,-4.694619,0.568614,5.707217,-3.132757,0.497990,9.084656,-3.146945,6.810352,-0.003502,-3.362573,-1.245384,-10.123320
9.858558,7.547715,-10.979147,-6.841210,-1.009063,5.390173,-4.509818,-2.993572,8.894091,7.923227,-2.363484,7.905372,-3.990552,-7.833764,1.361020,2.751117,8.468093,9.702972,5.348820,4.400934,5.774749,2.890962,5.553794,10.286084,-5.090574,-9.045834,-7.136284,-5.816851,-2.143748,5.466472,-8.777901,-0.333076,5.492451,-5.042647,-9.815330,-4.686575,-8.607439,7.575713,-5.399340,-7.447241,6.454345,6.395347,1.924251,8.640717,-9.045371,10.237285,2.056412,-3.555198,5.941090,4.319645
-4.149225,-9.535956,-6.506794,-6.627490,-6.029809,-2.632471,2.809275,6.557741,1.064799,-6.376327,7.962526,4.935247,0.359928,2.152406,0.668333,-7.526452,1.304755,9.145398,5.595117,-4.741194,-8.036012,10.052754,7.320636,4.310307,3.715060,-7.267821,6.144686,-5.397898,-7.364594,-1.766571,-11.296358,6.595018,-5.156069,3.665660,1.598443,6.192546,2.568725,8.938219,-3.007673,-1.391668,-2.048332,3.142357,-4.443119,4.681848,-8.977351,-6.723794,-1.468426,-6.826025,-6.690689,6.632033
-3.945496,-4.461263,-4.670467,3.405254,-4.068247,8.597295,-3.413185,6.590473,-2.815781,-0.967089,9.999533,0.445263,0.471988,-3.635725,0.512331,-9.448028,0.486900,-2.589607,-3.689813,-4.764109,-1.121776,-1.465544,-2.710249,6.873186,6.787207,8.482545,-0.593956,7.743675,1.722244,8.661143,-6.947333,5.764329,0.309247,1.359929,5.281326,6.077435,8.075433,-2.864191,-0.182043,1.231255,-9.333013,6.232742,-0.643875,0.094307,2.610098,8.625887,6.453563,3.366128,-6.041487,8.417456
2.307559,6.481894,-1.599997,8.898523,-5.103299,0.403970,5.467961,0.227402,-3.160393,-4.354461,5.756673,0.781456,-3.738253,3.162189,-6.453199,5.037978,-2.755564,0.570601,-4.245355,7.288585,-5.282649,7.545175,3.732518,-5.360538,-8.292654,-4.572763,-2.358649,9.208695,4.712853,-4.170543,-1.717390,-8.896091,6.742950,4.573654,3.384687,1.536376,-10.511153,1.953013,3.397036,2.603978,6.158406,-3.830963,-5.189161,0.498713,0.848695,5.322574,3.843519,0.643632,-2.483675,3.402869
-4.959941,6.453879,-6.752187,7.260869,-0.137899,2.968863,6.477372,0.539218,-4.199542,-5.500806,-8.431351,3.770224,-0.426650,-7.251858,6.120367,-4.702420,-2.542571,-4.116837,1.856218,1.272136,1.390852,-4.805972,-3.731279,-4.684776,-3.449638,-6.094277,-8.049559,9.445138,10.374286,-5.672227,-8.389172,-6.835154,5.142844,4.889167,-8.411167,1.807521,-9.107387,-0.471300,2.580817,7.873730,-4.453140,6.799405,7.794683,9.604993,-9.319876,-0.444824,10.222513,-2.523990,7.243549,1.250811
-10.801724,8.280270,1.621487,4.747142,8.448971,2.659000,1.922811,8.306770,4.016376,5.876861,0.110139,11.082984,2.873074,-7.234882,-7.326936,5.580258,-7.006001,0.154391,0.584100,7.033776,-2.880873,-7.990729,-8.122013,-7.932159,0.269002,-8.835382,-2.956883,-4.513520,-6.421973,5.121504,6.406653,5.471541,-1.727384,-0.193064,3.764075,3.979110,0.656694,-3.994980,-4.851757,1.236483,3.975748,-2.471689,2.456509,9.117290,-1.745683,5.291003,2.945159,-2.608418,0.460317,-9.898641
-2.261902,-1.688596,-11.205122,-0.437669,-6.477361,9.462332,-8.801108,-10.029039,-0.031255,9.291172,-5.615746,-7.378113,-10.414337,-11.308078,2.108926,-3.966553,7.526286,-4.829370,0.391758,-9.183693,-2.275459,6.434783,2.516511,-0.173847,8.542338,-4.062933,-8.311767,-0.950106,1.156142,3.968419,-3.403798,2.294733,7.614244,1.745989,-4.552286,7.207495,1.309030,7.383290,5.998195,3.515094,-3.322422,4.179998,-7.423831,1.622993,1.313149,-5.178081,-0.352323,-4.374202,-1.571587,-1.840618
0.585981,-8.169961,-6.894996,6.883067,-3.966740,-4.268542,3.094943,-2.831612,-1.698517,-8.390909,-1.148535,2.079176,-2.639241,-3.136250,-9.465308,-4.197250,-10.472159,-3.790038,-8.533047,-5.338511,-8.765118,8.220209,0.817094,-5.561807,3.576978,-6.996472,2.746615,-0.336402,-2.105752,8.797587,3.841556,8.394713,-4.486804,-1.736349,2.315559,-0.450570,-4.498998,-9.798666,9.998616,-3.145022,-10.645399,5.110922,-2.265717,4.005476,-7.885481,-3.999768,7.004121,-0.609405,-2.396823,6.013642
9.660709,-6.803832,0.633739,-1.205922,2.599800,-5.744148,-8.883101,0.062313,-2.606212,8.064049,-0.589148,-1.461758,1.210825,-0.812673,7.374239,5.905886,0.445770,-5.334038,3.571948,4.688195,6.173512,10.021872,-4.791487,-2.222062,-1.627985,-4.469293,-3.819328,-2.617571,1.810144,-4.351037,-4.458957,-3.901288,-6.880737,-4.667849,4.694029,1.384405,12.057009,3.664366,-0.949425,2.152665,3.237250,1.507982,0.518343,2.484385,-1.594602,5.683452,3.509650,-3.304542,-3.964561,-7.011228
8.334372,7.315354,0.290837,6.824020,-0.800703,-8.191968,-1.245060,4.230872,4.847497,4.778907,-11.014279,5.602442,11.152981,-4.356525,3.334978,-5.712478,6.398786,9.207978,-5.782723,6.290839,-5.025319,7.137918,-8.160202,5.942091,-6.046163,-4.209130,-7.642406,5.522719,-6.805929,0.640761,-1.399875,-4.249892,-5.595269,5.150612,1.869187,6.047398,-8.035321,2.752722,-10.151848,-8.366444,-0.523344,0.841273,2.432499,0.137453,-8.937782,-2.487606,7.071564,9.873097,9.256644,0.432941
1.198120,7.611212,-8.310838,4.565788,-9.734539,-8.903350,1.606120,0.684303,-5.160799,-1.492687,-7.374831,3.666358,3.218360,7.798896,4.358473,9.835024,4.282171,2.139982,0.423649,-8.495993,-7.155938,0.779646,-0.859418,-8.494135,5.661753,-3.933787,-7.142387,-7.798708,-8.537091,-6.007556,-0.321893,-0.152406,-6.677562,-7.052398,-1.506191,1.347723,-2.283853,1.192626,7.713378,8.200954,5.162059,-2.036450,1.962412,2.218345,0.458394,-7.300651,3.784107,6.999174,-3.695704,6.318190
-9.250018,9.167838,2.304959,5.486258,9.685636,1.705370,0.101689,8.351578,3.640497,3.616975,0.628954,9.546373,-0.407136,-6.727220,-10.257085,7.824852,-9.688485,2.483277,1.237929,4.900364,-2.647294,-7.254951,-6.618111,-8.168147,1.783303,-7.173149,-1.796788,-4.608740,-7.604229,4.422100,4.974182,3.422062,-1.663046,0.163557,5.244760,2.725982,0.660013,-5.427931,-5.505739,0.455750,6.989022,-1.803344,1.619167,8.820128,-1.595184,5.750410,1.678080,-3.011815,-0.061375,-8.975484
4.769519,-0.131529,-8.961063,-6.996854,-8.271548,-4.443678,9.888875,2.376953,6.277048,0.948309,2.810983,6.538844,7.379609,8.151712,8.037667,-8.083873,-4.575266,-7.816990,0.742345,6.133797,-8.409727,-6.574554,-3.649703,-5.789025,6.209599,-2.924514,2.541120,2.020193,1.963113,9.783275,11.009114,-7.578723,6.531239,-3.276473,-7.805604,-0.503183,1.319147,9.080502,-3.065907,-8.946259,9.047859,-8.286520,1.210739,7.390286,0.384913,-1.234405,5.425229,-9.970030,2.754598,-3.076772
2.123979,4.546623,-8.110873,4.082278,-8.077944,-8.365570,1.910814,1.573810,-5.659680,-1.924641,-9.104221,4.488506,3.140397,9.388685,3.978212,8.149096,5.258802,0.727235,1.740485,-8.542052,-5.979830,1.746105,-1.429504,-7.917055,6.185465,-2.034306,-8.786532,-7.679828,-8.333533,-5.348200,1.165640,0.529221,-7.054206,-8.717751,-1.160378,2.335252,1.384632,0.819649,7.786871,7.873134,6.498339,-2.182931,-0.008393,5.431913,-2.435497,-9.710300,2.632848,8.947066,-4.309008,3.882865
-3.563956,4.608250,-1.838391,7.438526,-5.295430,1.237437,-5.323852,9.808286,-4.134325,3.095221,-2.292709,3.078081,1.951351,5.635603,2.351005,0.473475,-0.283743,-7.541730,-5.968789,-6.566891,9.384916,3.651603,9.495733,3.030018,-4.465373,-9.544957,0.516841,10.202916,4.784682,-10.377770,-2.938273,-7.144313,-3.700227,4.337664,-3.448741,1.770817,-3.331708,-0.908464,-0.380027,1.865326,-7.162186,8.553301,-8.605126,-8.427527,8.036504,-2.482117,-9.704448,-5.348024,5.435004,5.168701
-11.841762,7.996557,0.479792,6.684539,8.233638,2.514915,1.871599,10.057464,3.016999,7.031198,-0.284427,10.476978,1.671626,-9.151742,-8.402847,7.440753,-8.557835,3.675037,-0.499743,6.778907,-3.662213,-6.951759,-6.385849,-8.474780,-0.023092,-9.663543,-3.814964,-4.978346,-6.660984,6.374951,5.833848,4.061093,-2.236606,-1.218758,5.823177,3.592965,1.055365,-3.873485,-5.766588,0.450050,5.962567,-2.698336,2.298866,10.466827,-1.970888,6.392148,1.649460,-1.495506,-0.203690,-10.761736
-0.858575,-10.583450,-7.629296,8.237770,-7.262967,-4.961389,3.757488,-2.079047,-4.103083,-8.680869,-0.024533,1.765911,-3.227715,-2.498629,-5.536448,-1.254643,-9.993518,-4.960437,-9.157937,-6.251418,-9.759170,7.584590,-0.787082,-5.192656,3.052610,-4.910773,4.286715,0.633526,-2.243921,7.869634,2.820302,10.361819,-3.691659,-3.068872,4.377944,4.865896,-3.599190,-8.514727,5.647296,-2.153603,-11.840892,5.784653,-5.146847,5.724633,-6.224542,-4.080603,9.031543,1.595023,-1.555375,6.939835
4.829678,-3.971110,-0.031013,1.340061,4.343912,-6.267055,-9.422925,5.431367,-10.058840,-2.124395,-7.784840,-6.213066,-7.816626,8.139178,4.906590,-4.714081,0.504569,1.283083,-9.458831,-3.951882,6.153237,-8.536749,-6.288832,-2.242939,-11.255135,6.049919,-0.402045,3.215256,1.510078,5.394236,4.762451,-1.795134,-8.827170,0.000468,-9.243235,-7.021406,4.543148,-0.311877,6.964293,3.681882,-0.713838,3.594225,9.524135,9.001627,-4.834700,5.356180,-0.813190,-5.281508,-2.080634,2.029861
-3.306465,-5.897753,6.407726,1.691799,2.221958,6.912612,3.970481,-5.417760,-9.496180,0.551682,3.295723,5.266636,-6.743946,2.542856,8.558699,-5.956392,-4.680058,-1.636357,2.103581,10.982261,1.850188,8.983665,4.712004,-0.043921,-1.999745,-4.510836,5.788519,-6.715968,-7.688512,-6.651572,2.435650,-2.371053,-6.691390,-3.468214,-9.292685,0.976189,6.374594,-2.114637,-2.753950,-12.010564,-5.443795,-7.779566,-9.757324,6.653743,5.199328,6.223036,-7.260140,-3.012361,8.774776,-1.408265
6.454151,-3.546712,1.076950,1.229502,6.137204,-6.335958,-10.153845,3.555063,-9.033283,-2.147848,-10.177858,-4.140468,-6.271859,7.645420,3.765758,-4.396507,2.814461,-1.022597,-6.664204,-3.004667,5.575761,-6.680257,-6.310149,-1.356131,-12.200601,6.265031,-2.473471,2.318262,-0.789890,5.484675,5.601413,-0.094396,-7.236403,-3.528532,-10.792848,-9.566469,4.739990,0.288388,4.996058,4.582612,1.601643,5.629435,7.136391,8.167195,-4.472812,9.999474,0.533729,-4.775914,-0.633494,3.661201
9.997766,-7.658323,2.587319,0.642143,2.861013,-6.386455,-9.676811,0.231491,-2.331281,7.290001,-0.750827,-1.690845,2.652063,-0.675205,10.036856,5.034855,-1.946883,-6.807177,1.451862,4.285177,5.222128,9.048826,-5.676559,-0.838378,-2.625446,-4.504509,-1.474662,-0.184659,1.528928,-5.027694,-7.498279,-4.253083,-8.217609,-2.715883,2.286356,1.213958,8.647928,2.881225,-0.051470,3.844397,3.064229,4.179209,4.108125,1.926598,-1.533236,4.154907,1.535016,-2.670216,-5.110521,-9.161415
-2.672772,-5.074084,6.687093,1.872334,0.912109,7.784966,4.274302,-6.509887,-11.298452,1.882544,3.302310,5.357663,-5.769960,2.320534,6.575110,-5.235650,-4.480789,-1.856936,2.606427,10.199466,0.978409,10.355571,3.060277,-2.074799,-4.430684,-4.268453,4.645793,-6.516111,-8.285689,-4.668726,3.606566,-3.050224,-6.286152,-3.482726,-8.420311,-2.068504,6.947934,-2.863279,-0.872497,-9.120745,-4.145235,-7.541047,-9.884390,7.958266,2.308261,5.620310,-8.663740,-2.043444,5.933499,-0.482765
7.497677,8.009596,1.053924,5.527031,-1.556552,-6.447751,0.712402,4.524984,3.710619,5.013357,-9.366926,5.495454,9.574600,-5.439487,4.538930,-7.109927,5.024616,7.895889,-6.088583,5.705678,-4.467544,8.764968,-9.073371,4.559535,-4.995014,-1.414133,-7.386238,5.148831,-7.733135,-2.445478,-2.372764,-6.816489,-4.401393,6.797879,2.402793,7.619388,-7.006073,-0.588765,-7.845627,-8.444517,-1.229365,1.618398,1.746590,0.361681,-9.056623,-2.403524,5.576629,10.322765,8.537038,0.128916
-4.663748,8.762542,-2.710380,9.163240,0.541135,1.459281,4.045288,-1.853538,-3.532199,-4.150109,-8.414714,2.349879,-0.911752,-6.971512,7.294245,-2.687101,-0.403732,-2.508993,1.858074,2.035509,0.975254,-3.460950,-5.348838,-3.588301,-3.119116,-6.807292,-8.050332,10.066244,7.456944,-7.402568,-10.375860,-3.761868,4.179592,4.981485,-8.942479,4.006915,-10.051992,-0.677520,1.751930,9.727364,-3.067641,5.977761,7.237993,7.529201,-11.032556,0.501324,10.042049,-1.541135,4.959719,1.554095
-3.133631,-1.308540,-8.134113,-1.418412,-6.355024,8.149386,-9.610465,-11.423451,0.939073,9.571994,-4.925150,-7.253012,-8.194220,-10.185971,3.256790,-2.420091,7.715115,-4.756411,1.320965,-8.192893,-3.622367,8.196696,1.470945,0.046458,10.149134,-3.771618,-7.558170,0.722974,2.194655,5.730309,-1.685103,0.380463,9.317582,1.788996,-3.856531,9.807916,2.362426,5.107714,5.621621,3.279677,-4.890398,4.972799,-8.269635,3.814461,-1.561807,-5.415242,-0.362790,-3.826089,-0.493621,-1.900139
-0.834846,-8.734760,-8.425829,7.304782,-7.627006,-4.113077,3.973095,-2.721929,-1.583459,-10.197451,-1.459313,2.327067,-0.840678,-1.996080,-7.545491,-1.903693,-8.229979,-5.849543,-9.941972,-7.541994,-9.716524,7.853834,-1.438459,-3.921812,4.418678,-3.928492,1.705268,-0.930514,-1.705207,8.447396,3.799528,7.984600,-5.796486,-2.614127,4.727587,1.201622,-4.788317,-8.377901,7.045380,-4.107698,-10.245465,4.339814,-1.710849,5.585044,-8.501257,-7.209378,7.871409,4.119432,-1.960015,5.795618
-1.313939,-10.191367,-8.083599,-8.013603,-4.503692,-2.206911,2.627529,3.717425,2.205057,-4.504897,8.357054,5.096923,0.953759,4.106221,0.215372,-5.755378,3.590321,10.002419,5.396503,-5.605325,-7.234546,7.669981,6.898132,4.935615,5.120572,-5.727118,6.215429,-6.199359,-7.322415,-1.665862,-9.611153,7.996662,-7.289998,5.291795,2.561953,3.674628,2.275542,8.295579,-2.970327,-0.350675,-3.570830,3.957699,-3.844287,6.493501,-8.592279,-6.403584,-1.717136,-5.868700,-5.377160,6.284088
3.349461,-7.684851,-4.918936,6.839442,9.802227,3.361937,-0.326519,6.974837,2.513346,7.814680,4.687888,-3.778469,6.077248,-0.841997,-3.479488,-4.506562,-4.388955,0.374246,-9.109554,-4.075164,-5.051140,-8.868070,0.982243,-2.164701,8.524079,1.375043,-6.698739,-9.670047,-0.296404,6.159539,-0.423282,1.826664,6.406237,4.378343,2.845194,7.608749,-6.998281,-7.246392,9.839814,6.082612,9.397388,-0.948724,-0.289158,10.514182,3.309393,-1.640638,-1.539060,-1.755902,-8.739243,-6.541741
3.147544,3.874312,6.769466,0.439560,-6.266199,5.290776,-7.150645,-0.792269,-6.332642,-4.419465,7.874854,0.580466,3.961224,-6.838334,-1.343156,-3.116771,10.447692,3.354747,5.345527,3.009239,-8.266299,4.246880,5.329083,2.464169,-2.723236,-4.841662,0.139342,-2.652436,-8.449872,6.770972,3.454955,-7.215534,0.576983,8.635834,-0.902911,-9.025630,9.424702,2.911176,1.040092,9.426200,-0.536255,-7.576670,-9.885109,5.054220,-8.790321,5.678933,-6.994157,2.691906,-10.673718,3.976638
5.068552,-0.265670,-10.468642,-8.672211,-9.093240,-4.288974,10.000754,1.341928,7.783152,0.386374,0.881030,4.537555,9.025272,5.969741,6.428201,-7.855082,-1.783575,-9.597585,2.096683,5.539607,-8.054442,-7.173417,-2.375643,-5.407891,6.096617,-0.757085,2.795511,-0.064219,1.820344,9.135440,6.713630,-7.012461,5.550701,-5.051733,-7.862107,-3.539785,0.454057,10.330651,-2.535870,-10.735554,7.307973,-5.741402,-0.354720,8.767594,1.760754,-2.234785,6.914346,-10.892893,2.023915,-1.199447
2.503779,-5.154366,-2.315867,5.609955,7.375043,4.747088,1.151325,9.791155,3.257406,9.573073,3.134563,-6.443350,7.618511,3.149667,-3.227648,-5.267262,-4.555157,2.407380,-10.004948,-3.601412,-5.584237,-9.665862,0.372630,-3.158224,5.704917,-0.335662,-7.274675,-8.261370,0.786619,7.353246,-2.499783,1.459816,4.204504,4.451591,1.119903,8.959847,-6.324744,-7.028000,8.393260,6.920270,9.404055,0.616114,-1.861843,7.612750,3.366351,-0.727137,-1.360044,0.882179,-8.393914,-6.906702
9.389998,-3.601049,2.990054,4.428164,-10.319909,-9.517230,-4.188811,-5.523067,-6.674600,1.105506,1.295679,-1.394516,4.099576,-2.778297,-0.476644,-9.095932,-6.771057,0.260473,6.298010,-0.156739,8.786702,7.733447,4.491480,5.310769,-9.420052,4.369023,-8.474207,4.629092,-0.977133,-8.250154,10.328685,-4.900193,9.983717,5.474802,6.138906,4.099286,-4.226568,2.922012,-0.265923,6.118740,8.891905,-9.312955,-7.277308,-1.033397,-9.185975,-2.308766,-3.256689,-5.345061,-10.181021,2.193216
3.148303,5.106914,-8.679101,2.518371,-9.424388,-8.433415,2.140341,0.827117,-4.689041,-1.066352,-8.722207,3.913694,3.451678,8.527716,2.634229,8.327849,6.759074,1.967038,0.176653,-7.602437,-8.323817,0.106372,-3.392496,-7.612446,7.319585,-2.455096,-10.674513,-6.303530,-7.762798,-6.091254,0.128175,-0.488035,-7.101400,-7.499419,-0.611806,2.218560,-0.218701,-0.035778,8.728614,7.774030,5.549819,-2.088317,3.372011,2.834267,-2.054989,-8.202413,3.677459,7.460503,-3.440665,6.928693
4.272102,2.593476,8.804885,0.532266,-6.775904,3.592842,-8.759433,0.831862,-5.248469,-4.171373,9.592883,1.836273,5.199141,-6.285998,-1.377554,-2.703694,9.405930,3.910220,5.151153,3.403589,-9.557224,4.128358,4.821557,5.097154,-2.604073,-4.267805,-0.810473,-1.833049,-8.926585,4.071164,4.530241,-5.362472,3.767993,8.857373,0.988771,-8.350769,8.526106,3.137138,0.433726,7.550367,-1.811575,-6.747835,-9.152289,5.310965,-6.919796,5.430889,-9.148462,2.885837,-8.644202,4.225689
5.248185,-1.857165,-9.769862,-8.588156,-7.288745,-5.033679,9.815444,2.327589,4.734315,1.290199,4.103375,5.385645,7.511784,6.329820,8.346315,-9.172419,-1.719814,-9.129879,0.800028,5.998952,-7.119243,-4.523644,-2.175017,-5.536702,7.364332,-2.261251,2.898244,0.390082,0.921670,9.530741,8.611025,-7.987441,5.728090,-2.968553,-7.551443,-3.790224,0.532151,9.673213,-1.259663,-8.609816,6.617892,-6.545985,0.088940,6.799815,-0.459854,-0.161194,6.845315,-10.038434,1.786822,-2.166610
-4.903100,5.676366,-2.526941,6.953748,-2.145241,-0.094273,-4.212414,8.180067,-5.099973,4.623652,-3.065894,4.458839,1.884791,7.438084,2.635879,-0.240649,-1.638273,-7.326709,-5.599977,-6.521888,8.467023,4.624648,7.933727,3.164616,-6.346899,-9.602502,1.169355,8.979106,5.231201,-6.864330,-1.384158,-8.725107,-2.442997,3.538170,-3.720194,-1.001515,-3.546291,-0.719329,-2.469008,2.351400,-9.969332,10.100656,-7.740956,-9.209770,8.811423,-1.774941,-9.797607,-3.716808,6.640466,6.481637
7.551649,7.080368,1.091451,6.229991,-0.095645,-8.954949,-0.787302,3.945787,6.675276,3.150687,-10.888073,3.008145,11.370844,-5.529590,3.178418,-5.469952,4.301295,8.113309,-6.110681,7.050471,-5.252558,8.732030,-9.759833,4.299355,-5.585593,-1.807049,-4.758278,4.725555,-6.013777,-3.443909,-1.848231,-3.440067,-5.534438,6.298821,1.752971,7.116556,-7.453389,2.644803,-11.116665,-9.530163,-0.734851,2.970857,2.962092,0.828503,-8.166270,-3.164951,5.893911,7.932228,9.452413,1.412078
-0.941659,8.499292,-0.949318,2.424122,7.975095,-7.382538,-4.651624,-6.288827,-7.889476,-4.206636,9.305388,-3.410215,-7.842420,7.915107,-1.311565,0.082956,3.459402,7.650835,-4.236158,-5.159353,-1.180053,7.178368,9.085507,-4.256614,2.839846,0.106459,7.220778,-3.394609,-5.974419,-8.207070,6.616967,-6.934137,-5.852594,-5.246333,7.695286,-8.357720,-1.672283,3.884173,-8.441697,-1.114947,-1.669281,-11.160913,2.861646,-3.396574,-5.386719,10.995442,7.761383,-1.185619,-4.294153,-8.246828
0.435322,-8.432500,-7.757155,6.649981,-5.680389,-3.740545,3.772429,-2.406951,-1.124797,-9.787328,-0.479132,1.355884,-2.659881,-3.266535,-6.222642,-2.010101,-9.509426,-3.301796,-10.331281,-9.856086,-9.442351,9.952880,0.936506,-5.577193,1.912021,-4.128414,2.611200,-0.185623,-1.414891,7.731550,3.800069,9.176443,-7.565934,-1.907184,3.016022,2.211655,-4.698204,-10.120107,5.601835,-3.185815,-9.468751,5.517005,-1.710137,5.532939,-6.339098,-5.021660,6.256621,2.360456,-1.552354,7.094522
3.608672,-3.749218,1.037803,1.262481,4.183952,-7.315309,-8.558110,6.136235,-6.833495,-0.778120,-10.260002,-6.213067,-6.948720,6.204486,4.156799,-5.471520,1.172103,-0.140185,-8.286308,-0.762428,5.084932,-6.109579,-2.617098,-4.002852,-9.273059,5.427951,-1.153248,0.979589,-0.210750,5.644796,1.485449,-1.402201,-5.150502,-1.575431,-8.637122,-9.234951,7.211567,1.534040,6.503322,5.291814,0.334582,5.112746,6.484284,8.391766,-4.517406,8.458193,0.728171,-6.338019,0.202985,2.868010
4.828394,-5.125883,-0.491875,2.021524,6.475929,-5.991449,-7.602825,4.291915,-9.881176,-1.901235,-10.011036,-7.408132,-7.319214,6.169491,4.948903,-4.933470,0.588993,0.407882,-10.093846,-2.534519,5.146144,-7.586782,-6.044899,-3.260465,-9.935643,5.672409,-2.475896,2.155493,-1.183172,5.655954,4.381718,-0.832071,-6.898730,-0.837282,-9.362417,-7.427761,7.095481,-0.404822,6.198371,6.007229,-0.927649,4.252629,9.361380,9.496572,-4.439633,8.082038,-0.957932,-4.737257,-1.386229,2.217379
6.043238,-4.851415,0.630816,3.304913,4.576618,-7.791896,-8.105208,5.447665,-8.137120,-3.332055,-11.220293,-6.015783,-6.569602,6.714262,3.503195,-5.792170,3.669780,-0.136507,-9.017730,-2.550908,5.437618,-8.965012,-5.244006,-2.161249,-11.501176,3.262888,-2.127763,3.637695,2.712465,6.828556,5.449578,-2.578241,-7.085704,-2.897507,-9.901354,-6.852391,6.578179,0.079853,6.701603,4.277943,0.817743,5.246409,7.558765,10.433390,-3.608808,8.582833,-0.212879,-5.773280,-1.863674,1.794038
9.198405,10.017919,-10.230251,-2.120505,2.878818,-3.292057,-2.047789,-3.008495,-6.462000,-10.603466,4.640943,9.286581,-9.907638,6.795491,2.577498,-8.751471,-7.704055,0.680945,-9.745872,-3.348946,-2.159570,10.024072,0.677147,-5.607803,9.091086,9.717443,5.376324,-7.422884,8.336372,-2.669274,4.928457,4.025259,3.430588,5.853569,4.851430,-0.387237,1.533192,-7.877232,-1.074686,8.975383,-4.438239,5.296442,5.067248,-6.604867,6.246737,4.672867,9.494621,-0.940382,3.107672,6.568427
9.122938,9.693926,-10.198387,-2.189291,1.103595,-3.005985,-1.419776,-3.282494,-6.206891,-9.209187,6.661581,9.502612,-10.511042,7.320981,1.430179,-9.649446,-7.855878,0.855554,-7.631633,-2.543063,-2.909471,10.745221,0.262958,-4.255019,9.095694,9.618977,4.096160,-6.708126,7.286834,-0.368410,5.888076,4.631418,2.994940,4.231938,6.099018,-2.064135,0.355221,-7.967490,-1.974680,8.772468,-3.667524,3.797852,6.320184,-5.997803,5.897338,4.615563,9.432217,-0.532361,6.186050,4.993477
-6.829244,3.275525,-2.701916,7.833220,-2.982321,1.598120,-4.524013,9.667617,-4.867907,2.615668,-3.759924,2.218099,1.658508,6.431192,0.891725,-0.270137,-0.621870,-6.015160,-8.067018,-8.034285,8.530654,2.491404,8.916027,2.599903,-5.759888,-9.788959,-0.058477,11.249668,4.585526,-9.302178,-3.690895,-7.921697,-3.835037,4.641300,-3.124282,-0.459667,-7.178623,-1.106357,-2.465246,2.010056,-7.760547,11.023611,-7.178551,-8.018914,7.076003,-1.880280,-10.603391,-4.714070,6.192758,5.146394
-4.499738,-1.816085,-9.331170,0.192335,-7.510232,9.404723,-9.745751,-10.244835,0.064258,9.951305,-2.969448,-5.074417,-7.518515,-9.932631,3.702676,-2.849140,6.058779,-4.334441,1.601498,-9.779104,-4.112846,7.763335,2.518130,-0.353651,7.390009,-1.847848,-7.517135,-0.778264,0.581949,5.937343,-2.430253,-0.113318,6.034737,2.224517,-4.971167,7.516478,1.188368,7.054188,4.981117,2.962040,-4.390249,1.985076,-8.758050,2.242279,0.487930,-1.069031,-0.313162,-2.242558,0.068721,-1.842110
2.764648,5.651774,-9.609916,2.131393,-7.481979,-8.748670,1.904435,1.574679,-5.416213,-2.243220,-6.806356,4.088047,4.405553,11.215614,4.040951,7.904027,4.586376,1.370490,1.233919,-9.258621,-4.621218,2.789461,-3.245145,-8.218051,5.637720,-2.615241,-8.751498,-8.175421,-9.170699,-6.084291,0.745881,-0.316682,-5.775344,-7.034881,0.839793,4.007883,-1.151529,-0.155272,8.668908,7.311652,5.593845,-0.699381,0.489050,5.091341,-0.588432,-7.908205,3.919969,7.345541,-4.927112,6.568636
2.227197,-6.664089,-4.445096,8.130848,7.161052,2.947094,0.258618,7.168464,4.781395,5.988296,3.997944,-6.143191,7.051482,1.355103,-4.335525,-5.057845,-6.066132,-0.332549,-9.388167,-3.372313,-6.191921,-6.484144,1.756331,-1.414467,7.898870,0.895075,-8.282096,-7.126680,1.773083,6.039109,-1.463431,0.746529,4.133374,0.218952,1.828212,8.878793,-7.582612,-8.304973,10.488193,5.575694,11.465616,0.796853,-2.017903,9.374393,1.683353,-2.866712,-1.470541,-0.023699,-7.607647,-5.660488
2.255483,1.831761,6.232257,2.081970,-6.825050,3.538727,-5.549885,0.147323,-4.375277,-4.023496,8.109283,0.593971,3.815712,-6.555132,-1.985773,-1.510513,7.066875,4.015203,7.436828,3.099825,-9.340186,4.073622,4.266911,5.300070,-1.976919,-2.366638,-1.349485,-1.799941,-7.300406,6.410993,1.646065,-6.476761,0.759828,8.883213,0.566054,-8.845146,8.817474,3.833669,0.609757,7.763799,-0.724165,-5.468739,-8.112126,6.879868,-7.152866,5.024576,-6.610889,3.046846,-8.659943,5.322651
-6.196808,3.633271,-1.636635,7.159952,-4.691825,1.668485,-3.245067,9.305600,-4.388347,5.415300,-3.761110,4.209538,3.908633,5.395739,4.765237,1.818893,-1.520219,-6.598064,-7.433735,-8.501070,11.868985,4.691547,6.933585,-0.280431,-7.077286,-9.219150,1.888246,9.783899,5.941774,-8.132436,-2.941128,-8.859328,-6.348998,3.740505,-4.214992,-0.475633,-3.524421,-2.218012,-2.277849,-1.929438,-8.896265,10.919441,-6.955926,-8.647737,8.308566,-2.327633,-8.884115,-6.133820,6.387692,4.999848
4.443332,3.529306,6.915759,2.284404,-7.437105,4.730407,-7.280791,-1.110626,-5.164857,-5.215762,6.426862,1.406847,4.118056,-7.626949,-0.073890,-2.809169,8.535769,5.084614,6.153319,3.705206,-8.455284,7.794511,5.326718,4.437470,-1.708313,-4.580457,2.112457,-1.048544,-8.705810,3.841082,4.499389,-6.183589,1.571659,9.260258,0.975630,-8.161238,7.821664,2.668160,0.502374,8.418620,-2.114772,-6.605063,-9.814884,7.503315,-7.255733,5.673405,-7.659929,2.319534,-10.418603,4.362428
8.211481,-3.505185,1.733233,5.095408,-9.777975,-9.494791,-0.440703,-7.300214,-8.023950,2.075210,3.937584,0.414108,4.253083,-1.688876,-3.421701,-6.009375,-4.212461,0.298048,6.105115,-0.056173,6.720379,9.325609,5.683668,5.106147,-9.742033,3.368661,-7.508273,6.237647,-3.374741,-8.685217,9.642631,-6.197047,9.993814,5.527926,7.936754,3.448540,-4.338202,2.722982,2.236874,4.492870,10.391200,-8.696328,-5.601037,-1.351389,-9.811172,-2.095689,-1.789870,-6.188733,-9.826506,3.641235
-1.790196,8.755759,0.428163,3.159988,8.392606,-9.294692,-4.153626,-7.159641,-11.065843,-4.685326,8.283286,-3.894610,-8.181798,9.014559,-0.771047,-2.282235,3.480010,6.457583,-5.716247,-6.443307,-1.263959,7.088830,9.063646,-5.896018,3.871656,-1.109550,7.137510,-5.299928,-3.832077,-10.100777,8.284197,-6.423858,-4.369508,-5.990831,6.672276,-6.660882,-4.527046,3.280474,-6.958846,1.093632,-2.157676,-10.724296,2.548873,-2.853068,-5.879759,9.589868,6.096602,-0.753020,-4.219413,-8.484277
9.476581,-5.620696,2.680983,5.838617,-10.012365,-10.336237,-4.661106,-4.622394,-5.916473,1.329274,3.582227,-0.852283,5.300210,-2.717388,-3.095638,-7.054071,-5.901536,-0.322860,7.774647,-0.634095,6.407806,10.440771,6.013589,7.852518,-9.690867,3.139293,-9.513547,6.725276,0.274832,-6.942584,9.663200,-5.477793,10.522885,5.247268,8.925621,2.590190,-1.773082,5.808966,-0.928592,1.774839,8.715445,-9.951414,-7.180686,-0.275822,-10.109105,-4.671874,-0.611679,-5.798473,-7.052434,3.031706
8.124965,10.971064,-10.056690,-1.634884,0.326467,-4.446055,-3.586032,-2.741892,-3.775664,-10.253341,4.699379,10.476216,-10.661575,6.802715,-0.146106,-9.556152,-9.499377,-0.292838,-10.003872,-4.239605,-4.404517,10.019617,-0.839653,-2.754811,7.190840,8.670893,2.900744,-6.692286,9.193779,-0.976456,6.863560,5.437384,1.835905,4.676235,5.867210,-1.388543,-1.846065,-9.399925,-0.511036,9.368010,-5.735419,5.033605,3.517626,-7.684963,3.749511,2.602910,9.620491,-1.068499,4.103832,6.503103
-0.814635,6.778645,-1.121965,4.451690,7.991040,-10.906912,-2.327431,-6.009287,-10.863358,-4.052281,8.320159,-5.183879,-7.171794,8.646341,-0.305379,-1.091318,3.328745,6.568778,-6.178955,-5.163838,-1.482169,4.845997,9.031031,-5.499907,6.207026,-0.636888,7.081113,-5.549987,-5.017345,-9.019263,8.389678,-7.657180,-5.758187,-4.536105,6.948213,-9.711134,-2.870630,3.820390,-6.605786,1.718824,-3.916732,-10.051648,1.689750,-2.775401,-6.901783,9.328626,6.511215,-3.447029,-6.005006,-9.050489
-3.400124,-6.240361,7.904531,2.121377,3.235494,9.408713,3.650639,-3.881308,-11.644386,1.228046,3.605188,6.029233,-6.750741,4.477719,8.791959,-3.766715,-4.672134,-1.265406,1.156498,9.045584,1.569641,8.365660,4.686052,-0.417473,-5.109121,-1.807800,5.136543,-5.743445,-8.291036,-5.622393,3.806295,-2.486251,-4.863599,-4.208895,-7.063714,-2.551998,7.860698,0.106924,-0.405144,-10.929077,-3.785882,-9.034469,-9.562429,7.367092,6.021234,6.335902,-8.926705,-3.774952,8.743327,-2.037618
-3.048324,-10.298194,-5.095353,-9.867753,-5.122862,-2.256336,1.892583,5.243493,3.558388,-9.047748,8.107524,5.813708,-1.370971,5.638401,0.514648,-6.271744,3.329804,9.841345,7.614423,-7.633196,-8.521015,9.156023,8.794047,3.902434,6.291700,-8.361197,5.571154,-6.669473,-6.829271,-2.079786,-9.724510,7.541363,-6.073386,3.777522,1.040036,6.797114,2.620477,9.933583,-3.590167,-3.567268,-2.859831,7.155419,-6.051972,6.266654,-8.165526,-7.406028,0.008880,-7.276692,-6.731430,7.364635
-5.118460,5.454631,-2.799858,8.742150,-4.284614,0.151460,-7.553258,6.882699,-3.321032,2.815982,-1.951547,4.866960,2.069065,5.035837,2.291124,-0.400827,-1.455202,-6.426853,-8.639580,-4.660919,9.191796,2.148023,8.460600,2.919840,-5.489059,-11.307784,0.472452,10.173875,7.527479,-7.926398,-0.808177,-8.125144,-4.339927,4.229802,-1.348743,-0.527740,-4.994823,-1.560894,-2.126345,1.274580,-9.213970,9.673968,-7.086798,-10.997318,7.516152,-0.717755,-9.107329,-5.876823,7.249698,3.268277
-1.994182,-5.476947,-2.991913,2.923422,-3.721372,7.351454,-4.707286,6.891928,-5.272268,1.224220,6.231722,1.100509,3.701925,-3.783910,-0.128038,-7.591196,-0.922086,-2.732137,-2.705791,-7.455083,-3.541800,-3.009948,-3.981035,6.151048,8.826008,7.202222,-1.369219,8.167270,1.680531,9.388769,-7.370559,4.878000,2.560632,-0.507258,6.575614,6.426681,8.230676,-1.524485,-2.928409,2.793412,-8.715686,6.583087,2.574432,-0.931289,1.619721,8.501984,6.193907,4.358148,-6.726941,10.325347
-0.260491,-1.428337,-11.278831,-0.129345,-4.993745,8.566888,-8.854721,-8.723900,0.073494,9.194036,-5.406614,-7.054654,-7.866910,-8.371671,2.507308,-4.530785,5.767282,-4.252620,1.114731,-9.217113,-3.263021,8.011645,2.156437,-0.081822,6.910019,-1.520148,-7.632775,-2.317041,1.882319,6.623853,-4.476588,1.822376,7.406553,3.447159,-3.910398,6.916623,-0.753901,7.219573,4.442157,5.100644,-3.681013,2.897459,-7.671736,4.101690,1.060690,-3.427083,-0.729095,-4.580804,-1.216007,-1.906105
-1.020687,-8.744035,-6.726817,5.124739,-4.708266,-3.856643,2.729713,-1.938266,-1.127643,-9.452011,-0.333646,1.420783,-1.733187,-2.157928,-6.789395,-2.262475,-8.937429,-5.726623,-10.322169,-5.314126,-7.561064,8.378172,0.822036,-5.724150,2.065085,-4.168038,1.308448,-0.196494,-1.566981,8.485574,3.304924,7.758759,-4.776803,-3.006226,2.821045,3.411061,-5.213271,-9.635677,5.441011,-1.738469,-9.150822,4.254024,-4.948407,3.917817,-9.313215,-5.047612,7.697214,2.371824,-1.363254,6.383655
4.660236,-1.201787,-8.783746,-7.946980,-7.385822,-4.730972,9.371645,3.565267,4.721188,2.135769,1.585990,6.047063,8.657202,8.282389,6.950468,-8.987175,-1.112167,-8.205476,1.450619,6.639608,-9.361048,-7.954075,-4.209518,-4.639315,3.314862,-1.415941,3.204355,-1.063860,1.128887,7.203855,8.753551,-7.390386,8.064323,-4.348464,-6.927204,-2.112734,0.120621,9.252056,-2.207297,-7.931874,8.664939,-6.961715,-1.167811,6.775363,1.182394,-0.698113,5.229892,-7.772471,3.814679,-1.240710
1.852227,7.297712,0.677032,8.551452,-3.518092,-0.895345,5.272056,-0.438673,-4.471245,-5.235971,6.693169,1.423297,-2.544212,2.377082,-6.112768,4.110770,-1.383685,0.176684,-2.090059,8.605329,-6.046604,6.698075,3.253555,-7.252638,-7.370246,-4.617735,-1.092282,9.474760,5.434534,-3.973944,-1.681492,-8.899074,4.946529,3.771640,2.089279,0.316515,-8.661296,0.649372,2.511108,2.704766,6.849124,-1.690149,-4.549346,-2.173621,3.473067,7.613944,4.157348,-0.950677,-3.688056,6.310477
-3.840393,-8.014063,-7.528536,-9.711529,-3.555998,-3.901603,0.791276,6.322326,2.239148,-7.368545,7.124685,3.682144,0.189477,2.716983,-0.446389,-4.520107,3.486573,8.499474,5.717692,-7.062131,-8.129177,10.519767,9.510131,5.282909,6.329828,-8.599665,6.965029,-5.353476,-7.623296,-3.536833,-9.397309,7.197304,-6.866464,4.849001,1.757930,6.316749,3.482526,8.775271,-1.108560,-0.519031,-3.958270,4.590447,-3.361537,6.464804,-8.326307,-6.349970,-0.283429,-7.825103,-6.001232,5.988161
9.688959,-8.522806,0.826824,0.267135,1.050275,-5.856405,-9.492304,1.671452,-2.660855,7.307241,-3.146491,1.122759,1.782602,1.108859,7.866065,6.573319,-1.565047,-6.468377,2.057301,3.647021,5.799612,9.818901,-4.584813,-0.701669,-1.995122,-4.863099,-3.108247,0.547993,-0.820435,-3.700155,-8.929737,-3.468686,-6.848654,-4.584884,2.101457,1.932142,10.386865,-0.111146,1.346088,3.030847,3.216868,0.390460,1.688911,1.688231,-4.418677,4.594876,4.150015,-3.242163,-4.626537,-9.418450
5.073164,-0.288514,-10.415274,-9.433250,-7.428261,-5.198270,10.223153,5.527010,6.819280,1.345853,2.898713,6.706814,10.023340,8.475731,7.390753,-9.092751,-3.661795,-9.425229,1.899120,5.073192,-7.635657,-7.077483,-2.441105,-5.083989,7.540764,-3.826482,1.992236,-0.327779,2.471033,9.547009,7.730757,-8.477017,5.684843,-1.304604,-7.483764,-1.614856,-1.851041,9.523676,-2.727878,-8.715763,5.671222,-6.287268,0.343819,7.724104,-0.778696,1.017905,6.417089,-9.125800,1.643736,-1.896557
6.928901,8.757229,-11.604000,-0.429330,1.911506,-3.303147,-3.177351,-2.813829,-5.572098,-10.602441,3.754252,10.524583,-9.904184,5.457368,1.320908,-7.952835,-8.384286,-0.583884,-8.515653,-3.523887,-3.887941,9.658285,-0.481763,-3.767651,9.152550,8.344030,2.125971,-7.279157,8.169286,0.149075,4.965451,3.850157,1.670882,4.276228,7.147926,1.751642,-0.190258,-7.512945,-1.518935,6.974245,-5.255937,6.345521,4.668590,-4.913305,6.902122,4.566077,10.595039,-2.863617,6.010414,4.578924
-1.553995,-2.515610,-10.524447,2.161212,-5.510805,8.494562,-9.787597,-10.544503,0.982375,9.473098,-4.612758,-8.619942,-8.904827,-9.999871,1.607804,-3.500393,7.358631,-4.065254,1.746602,-7.954038,-1.875793,7.186528,0.815384,0.211741,10.742488,-2.353645,-8.628952,-2.140384,2.993219,4.996295,-1.425812,0.271267,6.951463,2.736842,-5.254912,8.605764,1.562794,7.308132,6.833638,3.309805,-3.441390,1.839061,-8.927220,2.694883,-0.811558,-3.254824,-0.104977,-3.604710,-1.747391,-0.893084
-4.675308,5.347656,-7.502759,7.965432,-0.122360,1.107989,6.422074,1.368471,-3.435147,-5.437375,-9.546795,4.602075,-3.497549,-5.894389,8.704567,-4.151680,-2.729819,-4.069444,3.497714,0.357567,2.196772,-4.000433,-5.080948,-5.500399,-2.293595,-6.381881,-5.298209,9.535490,8.245598,-6.284120,-10.129200,-6.159775,4.476735,7.081367,-9.374005,3.409455,-11.241237,0.144762,2.849446,7.652317,-6.387820,5.748777,7.549142,8.911193,-9.846568,-0.876940,8.314554,-1.944521,7.888202,1.399938
-5.173315,8.997739,-4.740429,8.194792,0.159424,2.613570,5.276751,-0.451329,-3.106850,-3.926173,-8.426045,6.470256,-1.445400,-7.123937,7.624012,-4.764892,-0.687835,-2.861390,0.053639,2.466623,2.447290,-2.878876,-5.151021,-4.744628,-2.173997,-6.164876,-5.096446,8.548229,8.583201,-5.585655,-10.836559,-5.407508,4.988119,5.988635,-10.842448,1.026079,-10.235560,0.777000,3.089904,9.322060,-6.464060,4.256278,6.430323,7.444384,-10.566800,-1.670028,9.493051,-2.618638,6.481133,0.932528
-1.989127,-5.412254,-2.174364,2.989180,-7.008372,6.878975,-5.095612,3.054783,-4.349663,0.928934,5.872626,-1.532237,2.786780,-5.707797,-0.153934,-8.345836,-1.535787,-0.519936,-4.582091,-8.047340,-0.684967,-5.189011,-4.124354,6.516094,9.020999,7.674271,-1.386993,9.374924,2.116161,10.873523,-9.111083,4.811594,2.588010,-0.826287,4.642237,6.232281,8.813188,-3.181571,-2.495782,2.625919,-10.319158,5.055064,1.217159,0.538769,3.311751,9.651423,6.542631,2.990817,-6.355350,10.306286
2.011000,5.202092,-0.141097,7.996669,-4.315950,-0.110873,7.314522,1.758795,-6.325701,-4.994158,6.484846,1.906120,-3.224495,2.040622,-6.162391,3.136951,-1.453895,-1.219736,-3.156543,6.966124,-7.804007,7.285800,2.163655,-6.385963,-5.910315,-5.811678,0.467459,8.946396,6.458088,-3.716744,-0.776131,-8.349839,6.536416,3.629776,3.887407,2.785456,-8.150098,2.077679,1.331435,2.801101,7.159533,-3.631867,-3.421917,-2.349499,2.646532,7.869824,6.123096,1.134935,-2.838922,5.086811
-9.014776,5.792579,1.745542,7.377062,8.882763,1.563645,3.021543,7.932290,4.729400,6.964856,0.660470,10.727107,2.738323,-8.375516,-10.046832,6.798513,-7.566802,1.776365,-0.902157,5.086219,-3.168796,-7.916069,-6.275061,-7.040874,-0.792382,-8.008458,-2.230578,-5.845014,-6.739220,4.585926,6.221601,3.104855,-1.261267,-0.477741,4.429244,3.584447,0.807425,-4.769654,-6.258304,3.416427,4.826111,0.569512,3.048482,10.748927,-2.050315,4.701180,1.861104,-1.464895,2.451969,-8.727061
1.866571,-4.948645,-4.355782,7.283751,10.138692,4.497599,-0.330832,6.341315,3.558763,10.993967,3.483394,-4.126013,6.998111,-0.166646,-4.523988,-5.981731,-5.000498,0.121640,-8.625158,-3.965548,-7.252698,-7.169035,0.453641,-1.961478,6.791462,0.040189,-5.496688,-8.547708,3.089637,4.087698,-2.492389,1.040947,6.540643,3.775159,1.569880,7.778927,-7.191484,-8.225552,9.683638,5.230744,8.806797,2.018988,-2.976513,9.365165,2.129918,-0.953653,-3.266023,-0.322406,-8.615914,-5.063145
7.295720,9.669963,-9.717363,-1.110726,1.750316,-2.697481,-3.665425,-1.477514,-5.396136,-10.004864,4.785255,9.593057,-8.876083,6.234148,-0.017588,-11.568868,-9.919202,-0.185084,-8.656672,-2.260336,-4.217856,9.092061,0.189824,-2.999785,9.302097,8.180131,3.669499,-6.468699,6.139671,-2.106166,4.166467,3.756369,1.804928,4.686376,6.509777,-2.501941,2.149493,-7.643438,-3.039230,8.885137,-5.152852,5.264695,6.252635,-6.079493,4.882472,3.056593,10.000061,-2.059448,5.786692,6.851647
-2.576340,-6.261410,5.495670,1.150067,4.944358,5.475234,3.625599,-4.290727,-9.517552,1.232299,3.593024,5.964338,-7.407318,3.569651,7.988739,-5.539741,-3.488346,-1.859642,2.285000,9.153128,0.888980,7.285072,2.612485,-1.105765,-3.649246,-2.844529,5.348307,-5.919296,-6.892645,-4.956317,3.078222,-3.000365,-5.963492,-1.637227,-6.907440,-1.064833,5.370791,-0.426500,0.349683,-7.647186,-3.768750,-9.683943,-10.122695,6.655885,5.418483,6.129633,-6.821827,-4.211668,9.051530,-0.865804
9.820066,-7.333681,2.982354,-1.424213,3.221796,-4.539175,-9.539082,-0.806023,-3.176150,7.224878,-1.989731,-1.460023,2.228526,0.246200,9.294677,5.643318,0.407561,-5.305547,2.244254,5.320170,5.790667,9.468902,-4.648677,-0.228622,-1.700733,-2.328666,-2.165088,0.004840,2.585266,-6.016417,-6.515666,-4.654161,-7.115050,-5.860950,4.366506,3.151193,8.868568,2.723459,0.318426,2.616523,3.323150,2.637038,1.250441,1.751899,-2.997440,4.288778,2.409568,-4.307843,-3.958537,-8.859733
-3.952350,-5.908479,-2.394008,3.813781,-3.491718,8.652320,-2.893216,4.028477,-2.771425,0.245342,7.548196,0.247723,1.883875,-2.319440,-0.555710,-9.735443,0.448946,-1.592743,-4.113262,-4.932196,-2.671212,-2.748395,-2.132436,4.359713,9.760059,8.439601,-1.851380,4.929313,2.128656,8.074783,-6.241921,4.401266,2.013207,0.011400,4.630939,6.600145,8.413614,-3.961888,-2.710425,3.314925,-10.109790,5.728762,0.914759,-2.033965,3.525324,9.890851,6.027912,2.933821,-7.355312,7.792858
-2.049094,8.744645,0.192027,4.719406,7.898049,-9.042701,-2.890320,-6.319931,-8.003746,-2.009889,7.924376,-3.740942,-6.854807,10.324513,-0.101479,-0.094298,4.168948,7.643076,-6.831774,-6.415935,-1.352056,7.450096,9.521625,-5.268084,2.447019,-1.156688,9.218942,-6.115009,-3.736735,-10.193590,7.245308,-6.136012,-2.871328,-4.588519,10.241839,-7.414223,-2.812374,5.217427,-4.991741,1.957693,-3.596342,-8.462571,-0.168523,-4.732572,-6.605618,8.691703,8.334811,0.406862,-2.626586,-9.058205
9.022208,-4.167892,2.139498,3.781325,-9.217633,-8.349279,-3.356301,-5.958472,-6.110034,2.095266,3.056479,0.092168,3.284491,-3.521784,-3.558464,-9.349179,-5.770357,-0.927282,5.552658,-1.814915,7.833861,8.112169,6.315273,3.773704,-8.672839,3.344724,-9.053895,4.733040,-1.480967,-7.295801,9.255798,-7.009555,9.547994,5.140353,6.556609,2.215568,-2.355213,5.755233,0.935998,3.883238,7.975186,-10.642310,-7.226373,-2.926416,-7.580120,-2.836646,-0.370768,-5.675765,-8.790389,3.620517
9.385080,5.422794,-7.770591,-6.368880,-0.587171,4.386633,-4.428644,-4.827169,7.241702,8.673322,-1.894297,6.550519,-2.816650,-8.740627,1.283864,2.228499,4.938983,9.778702,5.789250,7.359847,4.221193,4.271067,7.009374,6.664757,-4.042717,-10.356375,-4.949737,-5.909144,-2.290806,4.533553,-9.636657,-1.162237,5.949550,-5.145235,-7.824075,-6.024208,-8.926571,5.501599,-6.123126,-7.277369,5.095322,5.073611,-0.024553,7.899492,-9.639881,7.044792,0.667977,-4.109261,7.880374,2.880513
8.109667,7.111596,0.943639,5.228291,-0.416519,-10.378615,0.515938,3.413341,4.470391,2.468055,-10.183590,3.528100,6.853769,-4.524039,4.329264,-5.987022,3.813342,8.481810,-6.342064,8.108215,-4.860465,7.783718,-9.872169,4.550518,-6.055691,-4.313247,-6.637844,6.842719,-5.479543,-2.434350,-3.032229,-4.151212,-5.657909,5.113340,2.533383,5.980731,-6.532974,-0.525453,-10.864679,-8.172607,-1.219632,1.858365,4.478393,0.460952,-11.520286,-1.902515,5.279994,9.608807,9.587447,1.573447
2.897565,7.568416,-0.496818,9.760003,-6.011860,0.436343,5.177132,0.147976,-3.639826,-4.936206,8.021659,0.994662,-4.310985,2.477922,-7.641989,5.332698,-3.190157,-0.273186,-2.953767,6.392164,-5.807386,7.208727,3.783976,-7.065719,-6.340306,-2.795432,-0.924649,8.682311,5.015824,-5.137416,-0.189861,-10.310751,4.653713,4.777804,2.978380,2.401790,-5.319791,0.724571,1.328980,2.754079,7.710041,-4.046344,-5.090533,-2.668763,1.430514,5.364024,5.127606,0.845780,-1.917877,6.061434
10.032092,6.363068,-7.663737,-5.477764,-1.494425,4.423971,-2.220124,-3.264665,8.512539,10.361343,-1.237938,7.639062,-2.632176,-7.220856,1.396401,3.569789,9.899237,8.098855,5.897921,5.981623,3.457597,3.423742,4.789531,9.767065,-2.490716,-7.681226,-3.847147,-6.050333,-2.505378,6.729971,-10.663556,-1.130438,4.641102,-5.453018,-9.631923,-4.044276,-8.881354,5.524014,-5.844888,-6.228568,4.935495,7.299611,2.765801,7.967849,-10.450948,8.595233,0.483055,-2.383503,5.777179,3.930239
4.554770,-5.031894,-7.092908,8.924608,7.033320,4.363221,-0.452865,8.438750,2.893362,8.560654,3.588357,-5.424025,8.136544,0.766262,-4.195363,-4.059862,-3.786601,2.033206,-11.018333,-1.403871,-5.689344,-7.560522,-0.171975,-2.226776,8.787654,-0.333290,-6.570794,-7.543846,0.669676,7.726582,-2.223629,1.177779,5.565424,1.250867,2.509998,8.095098,-8.348588,-5.451597,9.530806,7.324388,10.038236,1.218780,-1.026427,8.078600,3.305128,-1.993653,-1.907410,-0.673329,-7.720356,-6.196461
1.687500,7.145963,1.871751,6.417085,-5.327528,0.048296,6.720973,0.447853,-3.745505,-3.219758,7.754525,1.049614,-3.622509,-0.456390,-7.917341,4.325323,-1.801598,-0.223970,-1.644093,7.086963,-6.504550,7.757615,4.620203,-7.135920,-4.851985,-5.551888,-2.855261,8.870853,6.450122,-4.876323,-0.211305,-9.558064,5.753934,5.081905,2.695431,3.008067,-8.550692,1.238125,2.321794,0.605824,6.131057,-3.806682,-7.463173,-1.494969,1.728742,7.810146,5.533895,-1.018678,-3.418574,3.439195
-3.943415,6.677354,0.467815,4.239259,7.745244,-9.619963,-3.869621,-6.246077,-8.929000,-3.814433,8.304361,-4.073187,-6.735421,6.514478,-0.313264,-0.038884,4.749355,5.186154,-6.963312,-7.302632,-2.371732,5.892444,7.167150,-6.311469,4.641833,-1.734312,6.514657,-2.381980,-5.538583,-10.305889,7.400656,-6.608477,-3.884447,-6.576898,8.242204,-9.169968,-4.769721,5.501768,-6.689887,2.092565,-1.371375,-10.334122,1.817961,-0.850066,-5.631075,9.682930,7.299610,-1.243251,-3.767406,-11.088094
-5.177405,7.328045,-6.392125,7.476454,-0.454143,3.005503,3.610883,0.548283,-0.451671,-5.950113,-8.450443,5.252499,-1.208230,-6.620321,7.871176,-5.384393,-0.395639,-3.737757,3.816246,1.895307,3.193184,-4.491888,-1.134792,-3.638687,-1.980124,-7.024415,-8.064101,9.121190,9.875328,-5.935695,-9.919521,-6.494954,2.928386,5.287213,-8.773016,2.352646,-9.194136,0.254597,3.112810,9.824146,-4.275279,6.450850,8.129367,8.433387,-9.931676,0.865287,10.992822,-4.027213,6.693324,1.340491
0.462397,2.786631,8.805469,2.186787,-8.457271,3.081631,-4.751395,2.956934,-5.059602,-3.703107,8.314128,2.414289,3.397335,-5.756058,-2.782590,-2.475052,8.889103,4.652199,5.763182,2.335533,-8.752356,5.511175,4.266778,4.111279,-1.787135,-5.651301,-1.584373,-1.205373,-6.317524,7.077256,1.554406,-7.569874,2.103211,7.579470,2.015436,-9.399447,9.268853,3.841603,-0.858173,9.187240,-1.313925,-6.521276,-10.439168,3.418585,-7.533290,5.989810,-8.116723,2.136532,-9.472322,4.200797
10.580641,-3.508767,4.252480,4.869658,-10.062418,-8.192773,-2.409004,-6.459709,-6.010958,1.206217,2.593142,-0.046427,3.661636,-3.584017,-2.888841,-8.283157,-4.040076,-1.524358,7.163819,-0.422385,8.907912,9.466186,5.558829,7.096962,-9.754541,3.445968,-8.926888,5.359159,-1.917164,-6.947097,11.240925,-5.524304,8.156246,4.601182,8.077720,2.589830,-3.842453,4.615094,-1.382686,5.165364,9.053544,-7.684263,-7.475853,0.588919,-9.895435,-2.456602,-1.712816,-6.708437,-9.984844,2.499701
10.876757,-7.859521,2.740775,-1.955205,1.478594,-5.590717,-9.892543,0.716868,-2.455315,6.485465,-0.795765,-2.376944,4.430250,0.171939,8.587707,7.365991,-1.821473,-4.282338,2.288845,4.398426,4.564492,9.757707,-5.451970,-2.353843,-1.286355,-3.038324,-2.809679,0.957103,-0.212494,-4.699566,-6.457779,-3.621552,-5.896465,-2.794270,2.399122,3.350892,9.284162,2.259743,0.947491,3.901400,2.087540,2.980807,1.556934,3.575351,-1.379771,6.878608,1.914468,-3.789409,-5.956772,-8.663266
-3.314394,-5.375678,-1.463467,4.065198,-6.944275,7.060986,-3.547662,4.297189,-2.956869,-1.657109,6.731982,-1.216335,2.984669,-2.464893,-1.948696,-8.471427,1.093854,-1.022680,-4.485094,-8.061784,-3.478812,-4.657117,-1.173633,5.699009,7.663774,6.060672,-0.746444,7.038827,3.413450,9.546185,-6.513043,6.335183,2.851757,0.014154,5.593361,6.840515,5.892123,-4.714430,-3.733440,1.113484,-8.678808,5.492232,1.944392,-0.860539,2.256652,9.497750,5.958869,2.695259,-5.891621,9.451309
2.005928,6.622476,-8.387114,1.895738,-9.250958,-8.807450,1.315420,-0.703367,-6.824143,-3.656315,-8.436331,4.457390,4.233427,8.185348,3.374983,9.080081,6.333822,1.250155,1.140891,-8.130065,-6.634206,2.877403,-1.856242,-8.972263,5.254410,-3.759715,-9.532600,-8.159478,-7.932027,-4.586570,2.651840,1.588101,-6.365777,-7.978228,-0.440813,3.496197,0.745245,0.384060,8.094515,6.214995,5.738399,-0.979471,0.427076,3.369197,-0.122789,-9.744552,3.898333,8.630986,-4.772574,4.446700
-2.457181,-5.018890,5.294900,0.949979,2.147820,8.507568,3.921341,-4.922761,-9.365265,1.613003,3.764771,8.174226,-5.651161,3.600321,8.550717,-5.163391,-5.295162,-3.686567,2.654524,9.742687,0.711622,7.471086,3.908554,-0.421623,-2.749421,-4.532573,5.520398,-6.697035,-5.839173,-5.223232,4.064346,-1.264846,-5.224688,-4.919248,-6.939643,-0.613869,6.105953,-0.642506,0.621585,-8.621881,-4.489526,-7.890498,-9.824600,7.770949,4.274930,7.018514,-9.162086,-4.176654,11.007295,-1.570645
7.251930,8.876347,2.201460,5.913224,1.347198,-6.963292,-3.802317,3.085641,4.929061,0.978208,-9.851553,4.976839,9.107951,-7.263980,3.860813,-4.371818,4.889593,8.283498,-5.688381,7.404689,-4.749588,7.430509,-8.528557,5.562242,-4.248194,-3.386619,-5.363262,8.374360,-4.205648,-2.953889,-1.693048,-2.412417,-6.589026,4.829489,1.019386,6.178036,-6.598614,1.218090,-7.909069,-7.233178,-0.973177,1.271367,5.519696,3.206038,-8.418301,-2.682796,6.350146,8.681158,9.283483,-0.554096
-3.310397,-8.793565,-4.934728,-9.092909,-3.827105,-1.250660,0.509229,5.520049,1.430011,-6.048855,6.736877,4.948319,-0.557623,3.141995,-0.291004,-8.854574,1.073181,10.936959,6.630374,-6.761469,-7.375277,7.441137,7.151791,3.290582,4.801851,-5.461460,4.956008,-5.324192,-6.445641,-1.309763,-11.734748,5.680740,-5.777371,2.919664,1.446590,4.991184,1.824892,10.013857,-2.986725,0.908433,-2.417109,3.087576,-3.986900,5.498492,-8.308492,-6.122079,-1.394880,-6.179692,-5.871406,5.601139
10.914823,6.309084,-8.618642,-4.937563,-0.179053,2.509649,-2.351240,-5.021692,7.725814,9.837382,-3.727150,8.967704,-1.255769,-8.597587,-1.329478,4.802435,6.845452,7.977419,4.191573,4.555996,3.433750,5.847149,4.306837,7.694653,-4.225021,-8.907507,-3.657527,-7.080507,-3.052095,6.810166,-9.227322,-1.391796,5.753050,-4.485539,-9.597328,-3.834678,-10.196557,6.985899,-5.640729,-6.162734,5.876288,7.337123,0.723851,7.964616,-9.777687,9.471103,0.413577,-4.688433,7.093125,3.073677
